ID,Name,Macroarea,Latitude,Longitude,Glottocode,ISO639P3code,WALS_Code
huic1243,Huichol,,,,huic1243,hch,hui
udih1248,Udihe,,,,udih1248,ude,udh
gama1251,Kham,,,,gama1251,kgj,kmh
mala1464,Malayalam,,,,mala1464,mal,mym
chinese,Chinese,,,,,,
gaga1251,Gaagudju,,,,gaga1251,gbu,gaa
even1260,Even,,,,even1260,eve,evn
kwaza,Kwaza,,,,,,kwz
stan1295,German,,,,stan1295,deu,ger
finn1318,Finnish,,,,finn1318,fin,fin
tari1256,Tariana,,,,tari1256,tae,tar
mode1248,Modern Greek,,,,mode1248,ell,grk
lele1276,Lele,,,,lele1276,lln,lel
thai1261,Thai,,,,thai1261,tha,tha
cavi1250,Cavineña,,,,cavi1250,cav,cav
kiny1244,Kinyarwanda,,,,kiny1244,kin,kin
sahaptin,Sahaptin,,,,,,shp
nucl1302,Georgian,,,,nucl1302,kat,geo
mana1295,Manam,,,,mana1295,mva,mnm
ship1254,Shipibo-Konibo,,,,ship1254,shp,shk
even1259,Evenki,,,,even1259,evn,eve
tami1289,Tamil,,,,tami1289,tam,tml
wari1268,Wari’,,,,wari1268,pav,war
abip1241,Abipón,,,,abip1241,axb,abi
abkh1244,Abkhaz,,,,abkh1244,abk,abk
west2632,Acoma,,,,west2632,kjq,aco
ainu1240,Ainu,,,,ainu1240,ain,ain
akan1250,Akan,,,,akan1250,aka,akn
akha1245,Akha,,,,akha1245,ahk,akh
alam1246,Alamblak,,,,alam1246,amp,ala
aleu1260,Aleut,,,,aleu1260,ale,ale
amel1241,Amele,,,,amel1241,aey,ame
amha1245,Amharic,,,,amha1245,amh,amh
anei1239,Anejom,,,,anei1239,aty,anj
apur1254,Apurinã,,,,apur1254,apu,apu
egyp1253,Arabic (Egyptian),,,,egyp1253,arz,aeg
arak1252,Araki,,,,arak1252,akr,ark
arao1248,Araona,,,,arao1248,aro,ana
nucl1235,Armenian (Eastern),,,,nucl1235,hye,arm
arop1243,Arop-Lokep,,,,arop1243,apr,alk
aros1241,Arosi,,,,aros1241,aia,aro
tamn1235,Asmat,,,,tamn1235,tml,asm
awac1239,Awa Pit,,,,awac1239,kwi,awp
sout2996,Aymara,,,,sout2996,,aym
dibo1245,Babole,,,,dibo1245,bvx,bbl
bagi1246,Bagirmi,,,,bagi1246,bmi,bag
indo1317,Bajau,,,,indo1317,bdl,baj
unea1237,Bali-Vitu,,,,unea1237,,bvi
bamb1269,Bambara,,,,bamb1269,bam,bam
bann1247,Banoni,,,,bann1247,bcm,bnn
bara1380,Barasano,,,,bara1380,bsn,brs
basa1284,Basaá,,,,basa1284,bas,bas
basq1248,Basque,,,,basq1248,eus,bsq
bata1293,Batak (Karo),,,,bata1293,btx,bkr
baou1238,Baule,,,,baou1238,bci,ble
bawm1236,Bawm,,,,bawm1236,bgr,baw
beja1238,Beja,,,,beja1238,bej,bej
belh1239,Belhare,,,,belh1239,byw,bel
cent2194,Berber (Middle Atlas),,,,cent2194,tzm,bma
brah1256,Brahui,,,,brah1256,brh,brh
brib1243,Bribri,,,,brib1243,bzd,bri
brok1247,Brokskat,,,,brok1247,bkk,bkt
buku1249,Bukusu,,,,buku1249,bxk,buk
tean1237,Buma,,,,tean1237,tkw,bum
nucl1310,Burmese,,,,nucl1310,mya,brm
buru1296,Burushaski,,,,buru1296,bsk,bur
cahu1264,Cahuilla,,,,cahu1264,chl,cah
caml1239,Camling,,,,caml1239,rab,cml
cane1242,Canela-Krahô,,,,cane1242,,ckr
yuec1235,Cantonese,,,,yuec1235,yue,cnt
gali1262,Carib,,,,gali1262,car,car
cash1254,Cashinahua,,,,cash1254,cbs,csh
cayu1262,Cayuvava,,,,cayu1262,cyb,cyv
cemu1238,Cèmuhî,,,,cemu1238,cam,cem
cham1312,Chamorro,,,,cham1312,cha,cha
chan1310,Chantyal,,,,chan1310,chx,chn
soch1239,Sochiapan Chinantec,,,,soch1239,cso,csc
chuk1273,Chukchi,,,,chuk1273,ckt,chk
coma1245,Comanche,,,,coma1245,com,cmn
coos1249,Coos (Hanis),,,,coos1249,csz,coo
plai1258,Cree (Plains),,,,plai1258,crk,cre
crow1244,Crow,,,,crow1244,cro,cro
cupe1243,Cupeño,,,,cupe1243,cup,cup
daga1275,Daga,,,,daga1275,dgz,dag
daur1238,Dagur,,,,daur1238,dta,dgr
lowe1415,Dani (Lower Grand Valley),,,,lowe1415,dni,dni
jola1263,Diola-Fogny,,,,jola1263,dyo,dio
dier1241,Diyari,,,,dier1241,dif,diy
djin1251,Jingulu,,,,djin1251,jig,dji
dehu1237,Drehu,,,,dehu1237,dhv,dre
drun1238,Dulong,,,,drun1238,duu,dul
dyir1250,Dyirbal,,,,dyir1250,dbl,dyi
ekar1243,Ekari,,,,ekar1243,ekg,eka
stan1293,English,,,,stan1293,eng,eng
epen1239,Epena Pedee,,,,epen1239,sja,epe
ewee1241,Ewe,,,,ewee1241,ewe,ewe
fiji1243,Fijian,,,,fiji1243,fij,fij
fonn1241,Fongbe,,,,fonn1241,fon,fon
mesk1242,Meskwaki,,,,mesk1242,sac,fox
stan1290,French,,,,stan1290,fra,fre
furr1244,Fur,,,,furr1244,fvr,fur
gapa1238,Gapapaiwa,,,,gapa1238,pwg,gap
garo1247,Garo,,,,garo1247,grt,gar
gela1263,Gela,,,,gela1263,nlg,gel
goon1238,Gooniyandi,,,,goon1238,gni,goo
barc1235,Grebo,,,,barc1235,gry,grb
para1311,Guaraní,,,,para1311,gug,gua
nort2938,Haida,,,,nort2938,,hai
halk1245,Halkomelem,,,,halk1245,hur,hlk
hamt1247,Hamtai,,,,hamt1247,hmt,ham
hara1271,Harari,,,,hara1271,har,hrr
haus1257,Hausa,,,,haus1257,hau,hau
wayu1241,Hayu,,,,wayu1241,vay,hay
hebr1245,Hebrew (Modern),,,,hebr1245,heb,heb
here1253,Herero,,,,here1253,her,her
hind1269,Hindi,,,,hind1269,hin,hin
hixk1239,Hixkaryana,,,,hixk1239,hix,hix
hmon1264,Hmong Njua,,,,hmon1264,blu,hmo
hunz1247,Hunzib,,,,hunz1247,huz,hzb
hupa1239,Hupa,,,,hupa1239,hup,hup
iaai1238,Iaai,,,,iaai1238,iai,iaa
nucl1417,Igbo,,,,nucl1417,ibo,igb
arhu1242,Ika,,,,arhu1242,arh,ika
imon1245,Imonda,,,,imon1245,imn,imo
ingu1240,Ingush,,,,ingu1240,inh,ing
iraq1241,Iraqw,,,,iraq1241,irk,irq
iris1253,Irish,,,,iris1253,gle,iri
ital1282,Italian,,,,ital1282,ita,ita
itel1242,Itelmen,,,,itel1242,itl,ite
iton1250,Itonama,,,,iton1250,ito,ito
yabe1254,Jabêm,,,,yabe1254,jae,jab
popt1235,Jakaltek,,,,popt1235,,jak
djam1255,Jaminjung,,,,djam1255,djd,jam
nucl1643,Japanese,,,,nucl1643,jpn,jpn
jara1245,Jarawa (in Andamans),,,,jara1245,anq,jrw
kach1280,Jingpho,,,,kach1280,kac,jng
kair1263,Kairiru,,,,kair1263,kxa,krr
kala1372,Kalasha,,,,kala1372,kls,klh
kamb1299,Kambera,,,,kamb1299,xbr,kam
nucl1305,Kannada,,,,nucl1305,kan,knd
cent2050,Kanuri,,,,cent2050,knc,knr
karo1304,Karok,,,,karo1304,kyh,krk
kash1277,Kashmiri,,,,kash1277,kas,kas
kaul1240,Kaulong,,,,kaul1240,pss,kau
east2342,Kayah Li (Eastern),,,,east2342,eky,kyl
kaza1248,Kazakh,,,,kaza1248,kaz,kaz
kele1258,Kele,,,,kele1258,sbc,kel
kera1255,Kera,,,,kera1255,ker,ker
kett1243,Ket,,,,kett1243,ket,ket
west2599,Kewa,,,,west2599,,kew
halh1238,Khalkha,,,,halh1238,khk,kha
khan1273,Khanty,,,,khan1273,kca,kty
khas1269,Khasi,,,,khas1269,kha,khs
cent1989,Khmer,,,,cent1989,khm,khm
khmu1256,Khmu',,,,khmu1256,kjg,kmu
nama1264,Khoekhoe,,,,nama1264,naq,kho
khow1242,Khowar,,,,khow1242,khw,khw
khva1239,Khwarshi,,,,khva1239,khv,khv
kili1267,Kilivila,,,,kili1267,kij,klv
kiow1266,Kiowa,,,,kiow1266,kio,kio
gilb1244,Kiribati,,,,gilb1244,gil,krb
koas1236,Koasati,,,,koas1236,cku,koa
kobo1249,Kobon,,,,kobo1249,kpw,kob
koko1269,Kokota,,,,koko1269,kkk,kkt
koon1244,Kongo,,,,koon1244,kng,kon
kore1280,Korean,,,,kore1280,kor,kor
koro1298,Koromfe,,,,koro1298,kfz,kfe
koyr1240,Koyra Chiini,,,,koyr1240,khq,kch
koyr1242,Koyraboro Senni,,,,koyr1242,ses,kse
kron1241,Krongo,,,,kron1241,kgo,kro
kuna1268,Kunama,,,,kuna1268,kun,knm
kute1249,Kutenai,,,,kute1249,kut,kut
lada1244,Ladakhi,,,,lada1244,lbj,lad
lahu1253,Lahu,,,,lahu1253,lhu,lah
lakk1252,Lak,,,,lakk1252,lbe,lak
lako1247,Lakhota,,,,lako1247,lkt,lkt
lang1324,Lango,,,,lang1324,laj,lan
latv1249,Latvian,,,,latv1249,lav,lat
lavu1241,Lavukaleve,,,,lavu1241,lvk,lav
lazz1240,Laz,,,,lazz1240,lzz,laz
lega1249,Lega,,,,lega1249,,leg
lepc1244,Lepcha,,,,lepc1244,lep,lep
lezg1247,Lezgian,,,,lezg1247,lez,lez
lisu1250,Lisu,,,,lisu1250,lis,lis
long1395,Longgu,,,,long1395,lgu,lgu
luva1239,Luvale,,,,luva1239,lue,luv
maka1304,Makaa,,,,maka1304,mcp,mkz
plat1254,Malagasy,,,,plat1254,bhr,mal
malt1254,Maltese,,,,malt1254,mlt,mlt
mand1415,Mandarin Chinese,,,,mand1415,cmn,mnd
mang1381,Mangarrayi,,,,mang1381,mpc,myi
maor1246,Maori,,,,maor1246,mri,mao
mapu1245,Mapudungun,,,,mapu1245,arn,map
mari1440,Maricopa,,,,mari1440,mrc,mar
nort2845,Marquesan,,,,nort2845,,mrq
mart1255,Martuthunira,,,,mart1255,vma,mrt
maun1240,Maung,,,,maun1240,mph,mau
mori1278,Mauritian Creole,,,,mori1278,mfe,mcr
maib1239,Maybrat,,,,maib1239,ayz,may
mehr1241,Mehri,,,,mehr1241,gdq,meh
sanm1295,Mixtec (Chalcatongo),,,,sanm1295,mig,mxc
mogh1245,Moghol,,,,mogh1245,mhj,mog
movi1243,Movima,,,,movi1243,mzp,mov
sout2986,Mutsun,,,,sout2986,css,mut
motl1237,Mwotlap,,,,motl1237,mlv,mwo
tete1251,Nahuatl (Tetelcingo),,,,tete1251,nhg,nht
narp1239,Nar-Phu,,,,narp1239,npa,nph
nava1243,Navajo,,,,nava1243,nav,nav
nepa1252,Nepali,,,,nepa1252,nep,nep
newa1246,Dolakha Newari,,,,newa1246,new,nwd
wang1291,Ngiyambaa,,,,wang1291,wyb,ngi
niua1240,Niuafo'ou,,,,niua1240,num,nif
gily1242,Nivkh,,,,gily1242,niv,niv
kenu1236,Nubian (Dongolese),,,,kenu1236,kzh,nbd
nung1290,Nunggubuyu,,,,nung1290,nuy,nug
kalm1243,Oirat,,,,kalm1243,xal,oir
east2542,Eastern Ojibwe,,,,east2542,ojg,oji
olut1240,Olutec,,,,olut1240,plo,olu
onei1249,Oneida,,,,onei1249,one,ond
peri1253,Ordos,,,,peri1253,mvf,ord
nucl1284,Oriya,,,,nucl1284,ori,oya
east2652,Oromo (Harar),,,,east2652,hae,orh
orya1242,Orya,,,,orya1242,ury,ory
mezq1235,Otomí (Mezquital),,,,mezq1235,ote,otm
paam1238,Paamese,,,,paam1238,pma,pms
paiw1248,Paiwan,,,,paiw1248,pwn,pai
panj1256,Panjabi,,,,panj1256,pan,pan
male1292,Passamaquoddy-Maliseet,,,,male1292,pqm,psm
west2369,Persian,,,,west2369,pes,prs
pira1253,Pirahã,,,,pira1253,myp,prh
pitj1243,Pitjantjatjara,,,,pitj1243,pjt,pit
nort2966,Northern Pomo,,,,nort2966,pej,pmn
qawa1238,Qawasqar,,,,qawa1238,alc,qaw
nort2722,Qiang,,,,nort2722,,qia
imba1240,Imbabura Quechua,,,,imba1240,qvi,qim
hano1246,Raga,,,,hano1246,lml,rag
rama1270,Rama,,,,rama1270,rma,ram
rapa1244,Rapanui,,,,rapa1244,rap,rap
rovi1238,Roviana,,,,rovi1238,rug,rov
russ1263,Russian,,,,russ1263,rus,rus
saka1289,Sakao,,,,saka1289,sku,sak
sali1295,Saliba (in PNG),,,,sali1295,sbe,slb
sang1328,Sango,,,,sang1328,sag,san
dong1285,Santa,,,,dong1285,sce,sta
sanu1240,Sanuma,,,,sanu1240,xsu,snm
seme1247,Semelai,,,,seme1247,sza,sml
nucl1632,Sentani,,,,nucl1632,set,snt
seri1257,Seri,,,,seri1257,sei,ser
shin1264,Shina,,,,shin1264,scl,sna
east2337,Shira Yughur,,,,east2337,yuy,shy
shos1248,Shoshone,,,,shos1248,shh,sho
siar1238,Siar,,,,siar1238,sjr,sir
baba1268,Sisiqa,,,,baba1268,bbq,sis
nort2942,Slave,,,,nort2942,,sla
sobe1238,Sobei,,,,sobe1238,sob,sob
stan1288,Spanish,,,,stan1288,spa,spa
sude1239,Sudest,,,,sude1239,tgo,sud
supy1237,Supyire,,,,supy1237,spp,sup
swah1253,Swahili,,,,swah1253,swh,swa
swat1243,Swati,,,,swat1243,ssw,swt
taga1270,Tagalog,,,,taga1270,tgl,tag
sapo1253,Taiof,,,,sapo1253,sps,taf
taki1248,Takia,,,,taki1248,tbc,tak
malo1243,Tamabo,,,,malo1243,mla,tmm
tamang,Tamang,,,,,,tam
tehu1242,Tehuelche,,,,tehu1242,teh,teh
teop1238,Teop,,,,teop1238,tio,teo
thad1238,Thadou,,,,thad1238,tcz,thd
tigr1270,Tigré,,,,tigr1270,tig,tgr
tigr1271,Tigrinya,,,,tigr1271,tir,tig
kumi1248,Tiipay (Jamul),,,,kumi1248,dih,tja
trio1238,Tiriyo,,,,trio1238,tri,tir
sout2961,Tiwa (Southern),,,,sout2961,tix,tws
tiwi1244,Tiwi,,,,tiwi1244,tiw,tiw
acat1239,Tlapanec,,,,acat1239,tpx,tlp
toba1266,Tobati,,,,toba1266,tti,tbt
torw1241,Torwali,,,,torw1241,trw,trw
yecu1235,Totonac (Misantla),,,,yecu1235,tlc,tot
trum1247,Trumai,,,,trum1247,tpy,tru
tsha1245,Tshangla,,,,tsha1245,tsj,tgl
nucl1649,Tsimshian (Coast),,,,nucl1649,tsi,tsi
tuka1249,Tukang Besi,,,,tuka1249,,tuk
pana1305,Tümpisa Shoshone,,,,pana1305,par,tsh
nucl1301,Turkish,,,,nucl1301,tur,tur
tzot1262,Tzotzil,,,,tzot1262,tzc,tzo
ulit1238,Ulithian,,,,ulit1238,uli,uli
unaa1239,Una,,,,unaa1239,mtg,una
vafs1240,Vafsi,,,,vafs1240,vaf,vaf
viet1252,Vietnamese,,,,viet1252,vie,vie
wamb1258,Wambaya,,,,wamb1258,wmb,wam
wapp1239,Wappo,,,,wapp1239,wao,wap
wara1303,Warao,,,,wara1303,wba,wra
wich1264,Wichí,,,,wich1264,mzh,wch
wich1260,Wichita,,,,wich1260,wic,wic
nucl1347,Wolof,,,,nucl1347,wol,wlf
xara1244,Xârâcùù,,,,xara1244,ane,xar
kung1261,!Xun (Ekoka),,,,kung1261,knw,xun
yagu1244,Yagua,,,,yagu1244,yad,yag
yaqu1251,Yaqui,,,,yaqu1251,yaq,yaq
yoru1245,Yoruba,,,,yoru1245,yor,yor
sout2750,Yukaghir (Kolyma),,,,sout2750,yux,yko
cent2127,Yup'ik (Central),,,,cent2127,esu,ypk
yura1255,Yuracare,,,,yura1255,yuz,yrc
zarm1239,Zarma,,,,zarm1239,dje,zar
copa1236,Zoque (Copainalá),,,,copa1236,zoc,zqc
zulu1248,Zulu,,,,zulu1248,zul,zul
puma1239,Puma,,,,puma1239,pum,pma
mazatecsanjeronimo,Mazatec (San Jeronimo),,,,,,mzs
leti1246,Leti,,,,leti1246,lti,let
kaya1319,Kayardild,,,,kaya1319,gyd,kay
hung1274,Hungarian,,,,hung1274,hun,hun
emai1241,Emai,,,,emai1241,ema,ema
haka1240,Lai,,,,haka1240,cnh,lai
nort2954,Paiute (Northern),,,,nort2954,pao,pno
indo1316,Indonesian,,,,indo1316,ind,ind
jalonke,Jalonke,,,,,,jlx
mani1292,Meithei,,,,mani1292,mni,mei
nuuu1241,N|uu,,,,nuuu1241,ngh,ngh
kala1399,Greenlandic (West),,,,kala1399,kal,grw
joolabanjal,Jóola Banjal,,,,,,jlba
neoaramaictelkepe,Neo-Aramaic (Telkepe),,,,,,
mian1256,Mian,,,,mian1256,mpt,
tima1241,Tima,,,,tima1241,tms,
teiwa,Teiwa,,,,,,
chintang,Chintang,,,,,,
donn1238,Donno So,,,,donn1238,dds,
anci1242,Ancient Greek,,,,anci1242,grc,
abun1252,Abun,,,,abun1252,kgr,abu
ainu1240-2,Ainu (BJ),,,,ainu1240,ain,ain
akaw1239,Akawaio,,,,akaw1239,ake,akw
lala1268,Ala'ala,,,,lala1268,nrz,all
alya1239,Alyawarra,,,,alya1239,aly,aly
east2443,Ambae (Lolovoli Northeast),,,,east2443,omb,aml
nung1282,Anong (BJ),,,,nung1282,nun,ano
apur1254-2,Apurinã (BJ),,,,apur1254,apu,apu
egyp1253-2,Arabic (Egyptian) (BJ),,,,egyp1253,arz,aeg
arao1248-2,Araona (BJ),,,,arao1248,aro,ana
araw1276,Arawak (BJ),,,,araw1276,arw,ara
nucl1235-2,Armenian (Eastern) (BJ),,,,nucl1235,hye,arm
arop1243-2,Arop-Lokep (BJ),,,,arop1243,apr,alk
arrerntebj,Arrernte (BJ),,,,,,arr
veng1238,Babungo (BJ),,,,veng1238,bav,bab
badi1246,Badimaya (BJ),,,,badi1246,bia,bdm
bagi1246-2,Bagirmi (BJ),,,,bagi1246,bmi,bag
cent2004,Bai (BJ),,,,cent2004,bca,bai
indo1317-2,Bajau (BJ),,,,indo1317,bdl,baj
baka1272,Baka (in Cameroon) (BJ),,,,baka1272,bkc,bak
bann1247-2,Banoni (BJ),,,,bann1247,bcm,bnn
bara1380-2,Barasano (BJ),,,,bara1380,bsn,brs
bare1276,Baré (BJ),,,,bare1276,bae,bae
bauz1241,Bauzi (BJ),,,,bauz1241,bvz,bzi
bawm1236-2,Bawm (BJ),,,,bawm1236,bgr,baw
belh1239-2,Belhare (BJ),,,,belh1239,byw,bel
cent2194-2,Berber (Middle Atlas) (BJ),,,,cent2194,tzm,bma
bert1248,Berta (BJ),,,,bert1248,wti,ber
bhoj1244,Bhojpuri (BJ),,,,bhoj1244,bho,bho
gunw1252,Bininj Gun-Wok (BJ),,,,gunw1252,gup,bbw
biri1256,Biri (BJ),,,,biri1256,bzr,bii
bisu1244,Bisu (BJ),,,,bisu1244,bii,biu
siks1238,Blackfoot (BJ),,,,siks1238,bla,bla
tiey1235,Bozo (Tigemaxo) (BJ),,,,tiey1235,boz,boz
brok1247-2,Brokskat (BJ),,,,brok1247,bkk,bkt
tean1237-2,Teanu (BJ),,,,tean1237,tkw,bum
buru1296-2,Burushaski (BJ),,,,buru1296,bsk,bur
busa1253,Busa (BJ),,,,busa1253,bqp,bus
byan1241,Byansi (BJ),,,,byan1241,bee,bya
canelakrahobj,Canela-Krahô (BJ),,,,,,ckr
chan1310-2,Chantyal (BJ),,,,chan1310,chx,chn
cher1273,Cherokee (BJ),,,,cher1273,chr,che
leal1235,Chinantec (Lealao) (BJ),,,,leal1235,cle,cle
choc1279,Chocho (BJ),,,,choc1279,coz,cch
choc1276,Choctaw (BJ),,,,choc1276,cho,cct
chuk1273-2,Chukchi (BJ),,,,chuk1273,ckt,chk
coma1245-2,Comanche (BJ),,,,coma1245,com,cmn
coos1249-2,Coos (Hanis) (BJ),,,,coos1249,csz,coo
copt1239,Coptic (BJ),,,,copt1239,cop,cop
plai1258-2,Cree (Plains) (BJ),,,,plai1258,crk,cre
dagb1246,Dagbani (BJ),,,,dagb1246,dag,dgb
daha1245,Dahalo (BJ),,,,daha1245,dal,dah
daas1238,Dhaasanac (BJ),,,,daas1238,dsh,dha
baya1257,Dharumbal (BJ),,,,baya1257,bjy,dhb
dhiv1236,Dhivehi (BJ),,,,dhiv1236,div,dhi
dyaa1242,Djabugay (BJ),,,,dyaa1242,dyy,dja
jaru1254,Djaru (BJ),,,,jaru1254,ddj,djr
bang1363,Dogon (BJ),,,,bang1363,dba,dog
doya1240,Doyayo (BJ),,,,doya1240,dow,doy
dehu1237-2,Drehu (BJ),,,,dehu1237,dhv,dre
dual1243,Duala (BJ),,,,dual1243,dua,dua
gaww1239,Dullay (Gollango) (BJ),,,,gaww1239,gwd,dug
efik1245,Efik (BJ),,,,efik1245,efi,efi
epen1239-2,Epena Pedee (BJ),,,,epen1239,sja,epe
siee1239,Erromangan (BJ),,,,siee1239,erg,err
ewon1239,Ewondo (BJ),,,,ewon1239,ewo,ewo
fiji1243-2,Fijian (BJ),,,,fiji1243,fij,fij
stan1290-2,French (BJ),,,,stan1290,fra,fre
fyam1238,Fyem (BJ),,,,fyam1238,pym,fye
gamo1244,Gamo (BJ),,,,gamo1244,gmo,gam
gapa1238-2,Gapapaiwa (BJ),,,,gapa1238,pwg,gap
gola1255,Gola (BJ),,,,gola1255,gol,gol
goon1238-2,Gooniyandi (BJ),,,,goon1238,gni,goo
barc1235-2,Grebo (BJ),,,,barc1235,gry,grb
para1311-2,Guaraní (BJ),,,,para1311,gug,gua
gudu1252,Guduf (BJ),,,,gudu1252,gdf,gdf
kumb1268,Gumbaynggir (BJ),,,,kumb1268,kgs,gum
gura1252,Gurr-goni (BJ),,,,gura1252,gge,grg
gugu1255,Guugu Yimidhirr (BJ),,,,gugu1255,kky,guu
haidabj,Haida (BJ),,,,,,hai
hata1243,Hatam (BJ),,,,hata1243,had,hat
haus1257-2,Hausa (BJ),,,,haus1257,hau,hau
wayu1241-2,Hayu (BJ),,,,wayu1241,vay,hay
hdii1240,Hdi (BJ),,,,hdii1240,xed,hdi
hebr1245-2,Hebrew (Modern) (BJ),,,,hebr1245,heb,heb
hind1269-2,Hindi (BJ),,,,hind1269,hin,hin
hmar1241,Hmar (BJ),,,,hmar1241,hmr,hma
hmon1338,Hmong Njua (BJ),,,,hmon1338,blu,hmo
hoav1238,Hoava (BJ),,,,hoav1238,hoa,hoa
hunz1247-2,Hunzib (BJ),,,,hunz1247,huz,hzb
nucl1417-2,Igbo (BJ),,,,nucl1417,ibo,igb
ikkk1242,Ik (BJ),,,,ikkk1242,ikx,ik
imon1245-2,Imonda (BJ),,,,imon1245,imn,imo
ingu1240-2,Ingush (BJ),,,,ingu1240,inh,ing
iraq1241-2,Iraqw (BJ),,,,iraq1241,irk,irq
itza1241,Itzaj (BJ),,,,itza1241,itz,itz
yabe1254-2,Jabêm (BJ),,,,yabe1254,jae,jab
djam1255-2,Jaminjung (BJ),,,,djam1255,djd,jam
jelibj,Jeli (BJ),,,,,,jel
kach1280-2,Jingpho (BJ),,,,kach1280,kac,jng
juho1239,Ju|'hoan (BJ),,,,juho1239,ktz,juh
kair1263-2,Kairiru (BJ),,,,kair1263,kxa,krr
kala1377,Kala Lagaw Ya (BJ),,,,kala1377,mwp,kly
kalk1246,Kalkatungu (BJ),,,,kalk1246,ktg,kgu
kama1373,Kamaiurá (BJ),,,,kama1373,kay,kma
kamb1299-2,Kambera (BJ),,,,kamb1299,xbr,kam
kanabj,Kana (BJ),,,,,,kan
nucl1305-2,Kannada (BJ),,,,nucl1305,kan,knd
karo1304-2,Karok (BJ),,,,karo1304,kyh,krk
kate1253,Kâte (BJ),,,,kate1253,kmg,kat
east2342-2,Kayah Li (Eastern) (BJ),,,,east2342,eky,kyl
qima1242,Kemant (BJ),,,,qima1242,ahg,kem
kera1255-2,Kera (BJ),,,,kera1255,ker,ker
kett1243-2,Ket (BJ),,,,kett1243,ket,ket
halh1238-2,Khalkha (BJ),,,,halh1238,khk,kha
khas1269-2,Khasi (BJ),,,,khas1269,kha,khs
cent1989-2,Khmer (BJ),,,,cent1989,khm,khm
khmu1256-2,Khmu' (BJ),,,,khmu1256,kjg,kmu
kili1267-2,Kilivila (BJ),,,,kili1267,kij,klv
gilb1244-2,Kiribati (BJ),,,,gilb1244,gil,krb
klam1254,Klamath (BJ),,,,klam1254,kla,klm
kobo1249-2,Kobon (BJ),,,,kobo1249,kpw,kob
koda1255,Kodava (BJ),,,,koda1255,kfa,kod
kombaibj,Kombai (BJ),,,,,,kmb
kond1295,Konda (BJ),,,,kond1295,kfc,kda
koon1244-2,Kongo (BJ),,,,koon1244,kng,kon
kork1243,Korku (BJ),,,,kork1243,kfq,kku
koro1298-2,Koromfe (BJ),,,,koro1298,kfz,kfe
korowaibj,Korowai (BJ),,,,,,krw
kron1241-2,Krongo (BJ),,,,kron1241,kgo,kro
kuku1280,Kugu Nganhcara (BJ),,,,kuku1280,uwa,knc
bari1284,Kukú (BJ),,,,bari1284,bfa,kuk
kuku1273,Kuku-Yalanji (BJ),,,,kuku1273,gvn,kya
kuna1268-2,Kunama (BJ),,,,kuna1268,kun,knm
kute1249-2,Kutenai (BJ),,,,kute1249,kut,kut
kwai1243,Kwaio (BJ),,,,kwai1243,kwd,kwa
lada1244-2,Ladakhi (BJ),,,,lada1244,lbj,lad
lakk1252-2,Lak (BJ),,,,lakk1252,lbe,lak
lama1288,Lamang (BJ),,,,lama1288,hia,lmg
latv1249-2,Latvian (BJ),,,,latv1249,lav,lat
lepc1244-2,Lepcha (BJ),,,,lepc1244,lep,lep
lezg1247-2,Lezgian (BJ),,,,lezg1247,lez,lez
lill1248,Lillooet (BJ),,,,lill1248,lil,lil
nucl1327,Limilngan (BJ),,,,nucl1327,lmc,lml
ling1263,Lingala (BJ),,,,ling1263,lin,lin
lisu1250-2,Lisu (BJ),,,,lisu1250,lis,lis
long1395-2,Longgu (BJ),,,,long1395,lgu,lgu
loni1238,Loniu (BJ),,,,loni1238,los,lon
lund1266,Lunda,,,,lund1266,lun,lbu
madi1260,Ma'di (BJ),,,,madi1260,mhi,mad
male1284,Maale (BJ),,,,male1284,mdy,mle
macu1259,Macushi (BJ),,,,macu1259,mbc,mac
nucl1460,Madurese (BJ),,,,nucl1460,mad,mdr
maipurebj,Maipure (BJ),,,,,,mpr
mait1250,Maithili (BJ),,,,mait1250,mai,mai
maka1318,Makah (BJ),,,,maka1318,myh,mak
mamc1234,Mam (BJ),,,,mamc1234,mvc,mam
mang1381-2,Mangarrayi (BJ),,,,mang1381,mpc,myi
tuuu1240,Mangghuer (BJ),,,,tuuu1240,mjg,mgg
maor1246-2,Maori (BJ),,,,maor1246,mri,mao
mara1386,Maranungku (BJ),,,,mara1386,zmr,mku
mara1378,Marathi (BJ),,,,mara1378,mar,mhi
marquesanbj,Marquesan (BJ),,,,,,mrq
mati1255,Matis (BJ),,,,mati1255,mpq,mts
mats1244,Matsés (BJ),,,,mats1244,mcf,myr
maib1239-2,Maybrat (BJ),,,,maib1239,ayz,may
mbabarambj,Mbabaram (BJ),,,,,,mbb
mbay1241,Mbay (BJ),,,,mbay1241,myb,mby
bamb1266,Mbili (BJ),,,,bamb1266,baw,mbi
mend1266,Mende (BJ),,,,mend1266,men,mde
sanm1295-2,Mixtec (Chalcatongo) (BJ),,,,sanm1295,mig,mxc
miya1266,Miya (BJ),,,,miya1266,mkf,miy
moco1246,Mocoví (BJ),,,,moco1246,moc,mcv
mono1275,Mono (in United States) (BJ),,,,mono1275,mnr,mno
nucl1458,Monumbo (BJ),,,,nucl1458,mxk,mbo
mose1249,Mosetén (BJ),,,,mose1249,cas,mos
siwa1245,Motuna (BJ),,,,siwa1245,siw,mot
mund1325,Mundang (BJ),,,,mund1325,mua,mdg
mund1339,Mundari (BJ),,,,mund1339,muw,mun
mwag1236,Mupun (BJ),,,,mwag1236,sur,mup
murl1244,Murle (BJ),,,,murl1244,mur,mrl
musg1254,Musgu (BJ),,,,musg1254,mug,mgu
muss1246,Mussau (BJ),,,,muss1246,emi,mus
naba1256,Nabak (BJ),,,,naba1256,naf,nab
yale1246,Nagatman (BJ),,,,yale1246,nce,nag
tete1251-2,Nahuatl (Tetelcingo) (BJ),,,,tete1251,nhg,nht
sout2994,Nambikuára (BJ),,,,sout2994,nab,nmb
nava1243-2,Navajo (BJ),,,,nava1243,nav,nav
sout2808,Ndebele (in South Africa) (BJ),,,,sout2808,nbl,ndb
djee1236,Ndjébbana (BJ),,,,djee1236,djj,ndj
nepa1252-2,Nepali (BJ),,,,nepa1252,nep,nep
ngal1293,Ngalakan (BJ),,,,ngal1293,nig,ngl
wang1291-2,Ngiyambaa (BJ),,,,wang1291,wyb,ngi
nhandabj,Nhanda (BJ),,,,,,nha
nias1242,Nias (BJ),,,,nias1242,nia,nia
nisg1240,Nisgha (BJ),,,,nisg1240,ncg,nsg
niue1239,Niuean (BJ),,,,niue1239,niu,niu
gily1242-2,Nivkh (BJ),,,,gily1242,niv,niv
chig1238,Nkore-Kiga (BJ),,,,chig1238,cgg,nko
nuaulubj,Nuaulu (BJ),,,,,,nua
kenu1236-2,Nubian (Dongolese) (BJ),,,,kenu1236,kzh,nbd
kenu1236-3,Nubian (Kunuz) (BJ),,,,kenu1236,kzh,nku
noot1239,Nuuchahnulth (BJ),,,,noot1239,noo,nuu
toho1245,O'odham (BJ),,,,toho1245,ood,ood
obol1243,Obolo (BJ),,,,obol1243,ann,obo
east2652-2,Oromo (Harar) (BJ),,,,east2652,hae,orh
orya1242-2,Orya (BJ),,,,orya1242,ury,ory
mezq1235-2,Otomí (Mezquital) (BJ),,,,mezq1235,ote,otm
paam1238-2,Paamese (BJ),,,,paam1238,pma,pms
paez1247,Páez (BJ),,,,paez1247,pbb,pae
dumb1241,Paita (BJ),,,,dumb1241,duf,pta
paiw1248-2,Paiwan (BJ),,,,paiw1248,pwn,pai
pala1344,Palauan (BJ),,,,pala1344,pau,pal
pany1241,Panyjima (BJ),,,,pany1241,pnw,pny
male1292-2,Passamaquoddy-Maliseet (BJ),,,,male1292,pqm,psm
patt1248,Pattani (BJ),,,,patt1248,lae,ptt
pero1241,Pero (BJ),,,,pero1241,pip,per
pila1245,Pilagá (BJ),,,,pila1245,plg,pga
pira1253-2,Pirahã (BJ),,,,pira1253,myp,prh
pitj1243-2,Pitjantjatjara (BJ),,,,pitj1243,pjt,pit
pitt1247,Pitta Pitta (BJ),,,,pitt1247,pit,ppi
pure1242,Purépecha (BJ),,,,pure1242,tsz,pur
afar1241,Qafar (BJ),,,,afar1241,aar,qaf
huam1248,Quechua (Huallaga) (BJ),,,,huam1248,qvh,qhu
rama1270-2,Rama (BJ),,,,rama1270,rma,ram
rapa1244-2,Rapanui (BJ),,,,rapa1244,rap,rap
rawa1265,Rawang (BJ),,,,rawa1265,raw,raw
tani1257,Retuarã (BJ),,,,tani1257,tnc,ret
ronn1241,Ron (BJ),,,,ronn1241,cla,ron
nort2671,Saami (Northern) (BJ),,,,nort2671,sme,sno
salt1242,Salt-Yui (BJ),,,,salt1242,sll,syu
sang1328-2,Sango (BJ),,,,sang1328,sag,san
sang1333,Sangu (BJ),,,,sang1333,snq,sgu
sanu1240-2,Sanuma (BJ),,,,sanu1240,xsu,snm
sapu1248,Sapuan (BJ),,,,sapu1248,spu,sap
seda1262,Sedang (BJ),,,,seda1262,sed,sed
selk1253,Selkup (BJ),,,,selk1253,sel,skp
shos1248-2,Shoshone (BJ),,,,shos1248,shh,sho
sina1266,Sinaugoro (BJ),,,,sina1266,snc,sng
slavebj,Slave (BJ),,,,,,sla
sooo1256,So (BJ),,,,sooo1256,teu,so
soma1255,Somali (BJ),,,,soma1255,som,som
pedi1238,Sotho (Northern) (BJ),,,,pedi1238,nso,stn
stan1288-2,Spanish (BJ),,,,stan1288,spa,spa
sude1239-2,Sudest (BJ),,,,sude1239,tgo,sud
suen1241,Suena (BJ),,,,suen1241,sue,sue
sund1252,Sundanese (BJ),,,,sund1252,sun,sun
east2440,Taba (BJ),,,,east2440,mky,tab
taga1270-2,Tagalog (BJ),,,,taga1270,tgl,tag
tamangbj,Tamang (BJ),,,,,,tam
tara1313,Tarao (BJ),,,,tara1313,tro,tao
tauy1241,Tauya (BJ),,,,tauy1241,tya,tau
nort2959,Tepehuan (Northern) (BJ),,,,nort2959,ntp,tpn
sout2976,Tepehuan (Southeastern) (BJ),,,,sout2976,stp,tps
teri1250,Teribe (BJ),,,,teri1250,tfr,trb
tern1247,Ternate (BJ),,,,tern1247,tft,trt
tetu1245,Tetun (BJ),,,,tetu1245,tet,ttn
tibe1272,Tibetan (Standard Spoken) (BJ),,,,tibe1272,bod,tib
tido1248,Tidore (BJ),,,,tido1248,tvo,tid
tigr1271-2,Tigrinya (BJ),,,,tigr1271,tir,tig
tika1246,Tikar (BJ),,,,tika1246,tik,tik
tiri1258,Tinrin (BJ),,,,tiri1258,cir,tin
tiwi1244-2,Tiwi (BJ),,,,tiwi1244,tiw,tiw
toba1266-2,Tobati (BJ),,,,toba1266,tti,tbt
rata1244,Toratán (BJ),,,,rata1244,rth,tor
torw1241-2,Torwali (BJ),,,,torw1241,trw,trw
trum1247-2,Trumai (BJ),,,,trum1247,tpy,tru
tsat1238,Tsat (BJ),,,,tsat1238,huq,tst
dido1241,Tsez (BJ),,,,dido1241,ddo,tsz
tsha1245-2,Tshangla (BJ),,,,tsha1245,tsj,tgl
nucl1649-2,Tsimshian (Coast) (BJ),,,,nucl1649,tsi,tsi
tugu1245,Tugun (BJ),,,,tugu1245,tzn,tgn
tune1241,Tunen (BJ),,,,tune1241,baz,tnn
turk1308,Turkana (BJ),,,,turk1308,tuv,tna
nucl1301-2,Turkish (BJ),,,,nucl1301,tur,tur
tzut1248,Tzutujil (BJ),,,,tzut1248,tzj,tzu
udmu1245,Udmurt (BJ),,,,udmu1245,udm,udm
uppe1438,Upper Kuskokwim (BJ),,,,uppe1438,kuu,uku
urub1250,Urubu-Kaapor (BJ),,,,urub1250,urb,urk
usan1239,Usan (BJ),,,,usan1239,wnu,usa
viet1252-2,Vietnamese (BJ),,,,viet1252,vie,vie
walm1241,Walmatjari (BJ),,,,walm1241,wmt,wlm
wamb1258-2,Wambaya (BJ),,,,wamb1258,wmb,wam
wara1303-2,Warao (BJ),,,,wara1303,wba,wra
wara1290,Waray (in Australia) (BJ),,,,wara1290,wrz,wry
ward1246,Wardaman (BJ),,,,ward1246,wrr,wrd
ware1253,Warembori (BJ),,,,ware1253,wsa,wrm
warr1255,Warrgamay (BJ),,,,warr1255,wgy,wrg
wira1260,Wirangu (BJ),,,,wira1260,wiw,wir
xamm1241,/Xam (BJ),,,,xamm1241,xam,xam
yagu1244-2,Yagua (BJ),,,,yagu1244,yad,yag
yany1243,Yanyuwa (BJ),,,,yany1243,jao,yny
yoku1256,Yawelmani (BJ),,,,yoku1256,yok,ywl
yawu1244,Yawuru (BJ),,,,yawu1244,ywr,ywr
yidi1250,Yidiny (BJ),,,,yidi1250,yii,yid
yima1243,Yimas (BJ),,,,yima1243,yee,yim
ying1247,Yingkarta (BJ),,,,ying1247,yia,yng
yiry1245,Yir Yiront (BJ),,,,yiry1245,yiy,yir
nort2745,Yukaghir (Tundra) (BJ),,,,nort2745,ykg,ytu
cent2127-2,Yup'ik (Central) (BJ),,,,cent2127,esu,ypk
sant1451,Zapotec (Quiegolani) (BJ),,,,sant1451,zpi,zaq
zays1235,Zayse (BJ),,,,zays1235,zay,zay
diml1238,Zazaki (BJ),,,,diml1238,diq,zaz
chim1300,Zoque (Chimalapa) (BJ),,,,chim1300,zoh,zch
jingulubj,Jingulu (BJ),,,,,,jgl
chinesekunmingbj,Chinese (Kunming) (BJ),,,,,,
cinsengabj,Cinsenga (BJ),,,,,,
dargibj,Dargi (BJ),,,,,,
cambodianbj,Cambodian (BJ),,,,,,
kiku1240,Gikuyu (BJ),,,,kiku1240,kik,
kapaubj,Kapau (BJ),,,,,,
mapuchebj,Mapuche (BJ),,,,,,
nishnaabemwinbj,Nishnaabemwin (BJ),,,,,,
tibetanclassical,Tibetan (Classical),,,,,,
bukiyip,Bukiyip,,,,,,
pashai,Pashai,,,,,,
gawarbati,Gawarbati,,,,,,
shumashti,Shumashti,,,,,,
grangali,Grangali,,,,,,
dameli,Dameli,,,,,,
tirahi,Tirahi,,,,,,
swatdirkohistani,Swat-Dir-Kohistani,,,,,,
wotapurikatarqalai,Wotapuri-Katarqalai,,,,,,
induskohistani,Indus Kohistani,,,,,,
kanyawali,Kanyawali,,,,,,
palula,Palula,,,,,,
sawi,Sawi,,,,,,
nen,Nen,,,,,,
kpa,Kpā?,,,,,,
vove,Vove,,,,,,
viya,Viya,,,,,,
pinzi,Pinzi,,,,,,
kande,Kande,,,,,,
himbaka,Himba(ka),,,,,,
bongwe,Bongwe,,,,,,
bila,Bila,,,,,,
makhuwa,Makhuwa,,,,,,
shanghai,Shanghai,,,,,,
lhasatibetan,Lhasa Tibetan,,,,,,
dolakhanewar,Dolakhā Newār,,,,,,
kathmandunewar,Kathmandu Newar,,,,,,
hakhalai,Hakha Lai,,,,,,
tanilanguages,Tani Languages,,,,,,
cogtsegyarong,Cogtse Gyarong,,,,,,
caodengrgyalrong,Caodeng rGyalrong,,,,,,
prinmi,Prinmi,,,,,,
tangut,Tangut,,,,,,
easternkayahli,Eastern Kayah Li,,,,,,
pwokaren,Pwo Karen,,,,,,
yunnanbai,Yunnan Bai,,,,,,
akkadian,Akkadian,,,,,,
amorite,Amorite,,,,,,
eblaite,Eblaite,,,,,,
ancienthebrew,Ancient Hebrew,,,,,,
phoenician,Phoenician,,,,,,
westernneoaramaic,Western Neo-Aramaic,,,,,,
modernsoutharabianlanguages,Modern South Arabian Languages,,,,,,
agrobba,Agrobba,,,,,,
outersouthethiopic,Outer South Ethiopic,,,,,,
buryat,Buryat,,,,,,
kalmuck,Kalmuck,,,,,,
mongghul,Mongghul,,,,,,
bonan,Bonan,,,,,,
alaala,‘Ala’ala,,,,,,
vinm1237,Vinmavis,,,,vinm1237,vnm,
port1285,Port Sandwich,,,,port1285,psw,
sye,Sye,,,,,,
puluwatese,Puluwatese,,,,,,
fiji1243-3,Nadroga,,,,fiji1243,fij,
west2618,Central Arctic Inuktitut,,,,west2618,ikt,
sril1245,Sri Lanka Malay,,,,sril1245,sci,
